job_title,resume_index,category,experience_level,match_score,resume_preview
Network Engineer,2328,ARTS,Senior,0.4635,         SENIOR NETWORK SECURITY ENGINEER          https://www.linkedin.com/in/dilip-nr/         Professional Summary     Overall 7+ years of experien
HR Manager,75,HR,Senior,0.4052,"         SR. HR GENERALIST       Summary    Quality-driven analytical professional who delivers consistent and successful results in HR affairs, inclu"
Network Engineer,980,BPO,Senior,0.3886,"         SR. NETWORK ENGINEER       Summary      Bilingual Network Engineer offering in-depth understanding of IT infrastructure areas, particularly I"
Java Developer,1195,CONSULTANT,Senior,0.3829,         CONSULTANT           Summary    7 years of professional IT experience with Masters degree in computer applications; worked mainly with Java (
Network Engineer,298,INFORMATION-TECHNOLOGY,Senior,0.3635,"         INFORMATION TECHNOLOGY AND AWS ADMIN INTERN           Experience      Information Technology and AWS Admin Intern  ,     04/2019       Compan"
Network Engineer,224,INFORMATION-TECHNOLOGY,Senior,0.3586,         DIRECTOR OF INFORMATION TECHNOLOGY       Career Overview    Seeking a position as a Director of I.T. in a company where I am able to utilize 
HR Manager,105,HR,Senior,0.3576,         HR MANAGER/BUSINESS PARTNER           Summary    A Human Resources Business Partner with extensive experience aligning HR strategy with busin
HR Manager,90,HR,Senior,0.3554,"         HR SHARED SERVICES ANALYST           Summary    Versatile HR professional with a strong benefits administration background, progressive cross"
HR Manager,68,HR,Senior,0.348,         HR DIRECTOR       Summary     HR Professional offering over 15 years of progressive experience including extensive practice in multi-unit bus
HR Manager,80,HR,Senior,0.3472,"         REGIONAL HR MANAGER       Summary    Holistic HR Professional with 5 years 7 months experience in Human Resources vertical in areas of
recrui"
Java Developer,297,INFORMATION-TECHNOLOGY,Senior,0.3377,         INFORMATION TECHNOLOGY INTERN (TEST AUTOMATION ENGINEER)       Summary      Over 3 years of experience serving as a key contributor across al
HR Manager,18,HR,Senior,0.328,         HR GENERALIST/RECRUITER           Summary     Human Resource Generalist who is an great communicator and negotiator with strong conflict reso
HR Manager,21,HR,Senior,0.3241,           HR ASSOCIATE         Professional Summary    Enthusiastic and goal-oriented HR Professional with 3+ years experience driving innovation and
HR Manager,52,HR,Senior,0.3209,"         HR GENERALIST       Professional Summary    9 years of experience in Human Resources, benefit administration, employees relations, recruitmen"
HR Manager,32,HR,Senior,0.3134,"         HR MANAGER       Executive Profile    Accomplished HR Professional experienced in strategic planning, organizational development and manageme"
HR Manager,14,HR,Senior,0.3131,"         HR COORDINATOR         Summary    Applicant Screening, Background Checks, Benefits Administration, Compliance, Compensation, Drug Testing, EE"
HR Manager,31,HR,Senior,0.3115,         HR GENERALIST       Professional Profile     Responsible administrative support professional with extensive experience in Project Management 
HR Manager,50,HR,Senior,0.3092,"         HR ASSISTANT/PAYROLL         Highlights        Paychex, Mastertax, ABRA, Time Star, InfoTronics, Store Master, Dominion, QuickBooks
Ceridian,"
HR Manager,24,HR,Senior,0.3046,"         HR GENERALIST         Summary    Energetic, Bilingual Human Resources Professional offering ~11 years of extensive and successful experience
"
HR Manager,55,HR,Senior,0.3042,         HR MANAGER             Highlights          SENIOR HUMAN RESOURCES STRATEGIST / RECRUITMENT MANAGER  Talent Management | Strategic Recruitment
Network Engineer,260,INFORMATION-TECHNOLOGY,Senior,0.298,"         INFORMATION TECHNOLOGY SPECIALIST       Summary    Security+ Certified LAN/WAN (T1, Frame Relay, TCP/IP) IAVA Routers/Firewalls/Switches/Wi-F"
HR Manager,2,HR,Senior,0.2941,"         HR DIRECTOR       Summary      Over 20 years experience in recruiting,   15 plus years in Human Resources Executive Management,   5 years of "
HR Manager,57,HR,Senior,0.2939,         HR GENERALIST       Professional Summary    Dependable and responsible Human Resources Generalist with over fourteen years experience in a fa
HR Manager,1170,CONSULTANT,Senior,0.2916,"         CONSULTANT           Summary    HR Professional with nearly 5 years of experience with expertise in HR Operations, Benefits, Employee Relatio"
HR Manager,26,HR,Senior,0.2914,"         HR MANAGER/GENERALIST       Summary    Background of progressively responsible Human Resources experience in union and non-union, ISO and FDA"
HR Manager,65,HR,Senior,0.2781,         HR CONSULTING       Summary    7+ years of Experience as a HR Partner with experience in all the facets of the Human Resource Function. Exten
Network Engineer,301,INFORMATION-TECHNOLOGY,Senior,0.2695,         DIRECTOR OF INFORMATION TECHNOLOGY AND ANALYTICS           Summary     Accomplished senior manager with over 15 years of experience leading c
Network Engineer,1187,CONSULTANT,Senior,0.2684,"         IT CONSULTANT           Professional Profile    Accomplished Senior IT Engineer with
demonstrated ability to analyze business requirements an"
Java Developer,124,DESIGNER,Senior,0.2669,"         TECHNICAL DESIGNER           Career Overview     

●  Having 8.5 years
of IT experience as Software developer in Java/J2EE Technologies  

● "
Java Developer,2457,AVIATION,Senior,0.2662,"         JAVA INTERN       Career Overview     Developer well-versed in structuring, developing and implementing interactive websites.  with experienc"
HR Manager,4,HR,Senior,0.2642,         HR MANAGER         Skill Highlights           HR SKILLS  HR Department Startup  Three New Organization Startups  Employment Law  FMLA/ADA/EEO
HR Manager,23,HR,Senior,0.2607,         HR COORDINATOR       Summary     Certified Human Resources Professional with extensive employee relations experience in a full range of funct
HR Manager,42,HR,Senior,0.2602,"         HR GENERALIST         Skills        Microsoft Office Suite, SAP, Kronos, IBM, ADP, ATS, MSS, HRSS, and Oracle, Workbrain, T            Experi"
Network Engineer,1778,ENGINEERING,Senior,0.258,"         CORPORATE ENGINEERING SUPPORT TECHNICIAN       Summary    TECHNICAL SUPPORT ENGINEER
Technical Support  Telecom Support  Networking Support  "
HR Manager,72,HR,Senior,0.2543,"         SENIOR HR MANAGER, HR BUSINESS PARTNER           Summary    A highly dedicated and accomplished human resources manager with a record of prof"
Network Engineer,324,INFORMATION-TECHNOLOGY,Senior,0.2526,         IT MANAGER       Summary    Ten years of management experience with a focus on team building and project management. Ten years of experience 
Network Engineer,241,INFORMATION-TECHNOLOGY,Senior,0.2514,"         INFORMATION TECHNOLOGY MANAGER       Professional Summary    Possesses an extensive background in Information Technology Management, along wi"
HR Manager,60,HR,Senior,0.2501,"         HR COORDINATOR       Summary     To obtain a Human Resources Generalist position that will fully utilize my extensive background and in HR, i"
HR Manager,2337,ARTS,Senior,0.2484,"         LOGISTICS COORDINATOR       Summary    To obtain a full-time position with a company that offers opportunities and growth potential, while co"
HR Manager,46,HR,Senior,0.2424,"         HR GENERALIST       Experience     08/2017   to   Current     HR GENERALIST    Company Name   －   City  ,   State      Recruited to help open"
HR Manager,2330,ARTS,Senior,0.2412,         SALES & CUSTOMER SERVICE REP           Summary     Administrative & HR Professional Holds Master of Arts (Honors) degree in Human Resource De
Network Engineer,982,BPO,Senior,0.2408,         IT SUPPORT OFFICER           Executive Profile    Seeking assignments in Hardware Network Servers Technical Support with an organization to d
Java Developer,1142,CONSULTANT,Senior,0.2366,         CONSULTANT       Summary    College graduate with interest in insurance claims work. Proven record of success in all endeavors. Strong work e
HR Manager,61,HR,Senior,0.2358,"      Summary    Chicago
HR generalist offering 
 Recruitment, Attendance Management System, Payroll Processing, MIS, Employee Engagement
 processing "
HR Manager,27,HR,Senior,0.2314,         HR REPRESENTATIVE       Summary    Experienced human resources professional with working knowledge of state and federal employment laws and r
HR Manager,85,HR,Senior,0.2309,         SENIOR HR BUSINESS PARTNER           Summary     Human Resources Professional with 8 years of experience in human resources and recruiting. E
HR Manager,106,HR,Senior,0.2301,         DESIGNATION: HR ASSISTANT       Professional Summary     Human resources coordination and management professional offering a strong backgroun
HR Manager,538,ADVOCATE,Senior,0.2298,         HUMAN RESOURCES MANAGER       Summary     To continue my professional Human Resource career in a position of leadership focused on creative p
HR Manager,1889,ACCOUNTANT,Senior,0.2289,         STAFF ACCOUNTANT       Professional Profile     To gain payroll skills       Qualifications          Deltek Time and Expense 8.1; Costpoint 6
HR Manager,95,HR,Senior,0.2273,         DIRECTOR OF HR           Executive Profile      Ambitious Human Resources Generalist who creates strategic alliances with organization leader
HR Manager,7,HR,Senior,0.2267,         HR MANAGER         Professional Summary    Senior HR professional with a continuous improvement approach to building and supporting organizat
Network Engineer,232,INFORMATION-TECHNOLOGY,Senior,0.2262,         INFORMATION TECHNOLOGY SPECIALIST         Professional Summary    Experienced network professional with outstanding success rate at installin
Data Scientist,1762,ENGINEERING,Senior,0.2249,         ENGINEERING AND QUALITY TECHNICIAN       Career Overview    A highly experienced skilled graduate with Analytics degree with a very good expe
Network Engineer,251,INFORMATION-TECHNOLOGY,Senior,0.2245,"         DIRECTOR OF INFORMATION TECHNOLOGY       Summary    IT Director/Manager with extensive experience in network operations, leveraging expertise"
Data Scientist,1348,AUTOMOBILE,Senior,0.2231,"        Highlights          Prog. Languages:          C (5+ yrs), Python (3+ yrs), Java (3+ yrs), MATLAB (Simulink) (5+ yrs), R (2 yrs), Processing (2"
Network Engineer,2426,AVIATION,Senior,0.2222,         TSO/FLOATER       Career Overview     To obtain a position to provide for my family after finishing my call of duty and term of service I ind
HR Manager,13,HR,Senior,0.2216,"         HR GENERALIST       Summary     A people-oriented, results-driven professional with outstanding communication skills.   Extensive experience "
Sales Executive,557,BUSINESS-DEVELOPMENT,Senior,0.2215,         BUSINESS DEVELOPMENT           Summary     Results-driven and highly skilled (business development)account manager and marketing professional
HR Manager,2227,BANKING,Senior,0.2203,"         EMPLOYEE RELATIONS CONSULTANT           Summary    Human Resources partner with areas of expertise in employee relations, Affirmative Action,"
Network Engineer,1152,CONSULTANT,Senior,0.2202,         IT CONSULTANT       Career Overview    Director of Information Technology More than two decades of sound IT leadership in areas including IT 
Sales Executive,1155,CONSULTANT,Senior,0.2184,         CONSULTANT       Summary     Friendly and enthusiastic [Job Title] with [Number] years of specialization in [Type of Restaurant]. Able to lea
HR Manager,19,HR,Senior,0.2184,         HR CONSULTING       Summary    7+ years of Experience as a HR Partner with experience in all the facets of the Human Resource Function. Exten
HR Manager,47,HR,Senior,0.2177,"         HR CONSULTANT       Summary       Subject matter expert in HR Applications, and  highly effective at incorporating creative solutions to achi"
HR Manager,39,HR,Senior,0.2148,         HR DIRECTOR           Professional Summary    Experienced HR Manager over 3 facilities with 10 years of proven HR experience in all areas of 
Java Developer,833,FITNESS,Senior,0.2137,         SERVICE REPRESENTATIVE           Summary    Secure a responsible position in account management and serve as an account representative sharin
HR Manager,17,HR,Senior,0.2103,"         HR DIRECTOR           Summary    Human Resource Professional
Confident, Resourceful Human Resources professional, with academic background in"
HR Manager,81,HR,Senior,0.2097,         FIELD HR ASSOCIATE           Summary    Reliable HR Field Associate with a Master's of science in Human Resource management emphasis as a Gen
Java Developer,1111,CONSULTANT,Senior,0.2097,"         IT CONSULTANT           Summary      Over Seven years of Software Application Development, Application Support, Testing and Implementation ex"
Sales Executive,622,BUSINESS-DEVELOPMENT,Senior,0.2083,"         DIRECTOR BUSINESS DEVELOPMENT           Summary    Specializing in sales related business, global account management and new business develop"
HR Manager,9,HR,Senior,0.208,"         HR CLERK       Summary    Translates business vision into HR initiatives that improve performance, profitability, growth, and employee engage"
Data Scientist,2153,BANKING,Senior,0.2077,"         CORPORATE BANKING ASSISTANT, INTERN           Objective     Dynamic and self-motivated Financial Data Analyst with diverse expertise in progr"
HR Manager,48,HR,Senior,0.2051,"         HR GENERALIST           Experience     04/2015   to   Current       Provide general administrative support such as preparing correspondence, "
Sales Executive,597,BUSINESS-DEVELOPMENT,Senior,0.2027,         DIRECTOR OF BUSINESS DEVELOPMENT         Summary     Self-starting business development expert with 20+ years as a top sales performer in var
HR Manager,104,HR,Senior,0.2023,         SENIOR HR MANAGER         Professional Summary    Results-driven and business-oriented professional with strong experience in business operat
HR Manager,79,HR,Senior,0.2018,         HR ASSOCIATE MOBILIZATION COORDINATOR       Summary    Professional with extensive experience in Human Resources in Oil & Gas Company.  Want 
HR Manager,51,HR,Senior,0.2017,"         HR ASSISTANT         Summary      Hard Worker, Dedicated, Detailed Oriented, Experienced, Organized, and Highly Motivated.  These are just so"
Sales Executive,658,BUSINESS-DEVELOPMENT,Senior,0.2012,         BUSINESS DEVELOPMENT DIRECTOR           Experience      BUSINESS DEVELOPMENT DIRECTOR    January 2010   to   Current     Company Name   －   C
HR Manager,89,HR,Senior,0.2009,         SR. HR CONSULTANT         Executive Profile      Ambitious Human Resources professional who creates strategic alliances with organization lea
Data Scientist,2291,ARTS,Senior,0.1991,"         ONLINE LEARNING COORDINATOR - PROGRAM TRAINING AND SUPPORT           Summary    To
effectively and innovatively influence student and staff k"
Data Scientist,194,DESIGNER,Senior,0.1986,           PROGRAM MANAGER & DESIGNER         Professional Summary     A talented program designer and learning specialist with experience developing 
HR Manager,1246,DIGITAL-MEDIA,Senior,0.1977,         SR. LEAVE OF ADMINISTRATIVE SPECIALIST       Professional Summary    HR Coordinator who brings  10  years developing efficient payroll and be
HR Manager,70,HR,Senior,0.1973,"         HR COORDINATOR         Summary     From
my first job as a retail salesperson, I had a passion for leadership and the development of others.  "
Java Developer,132,DESIGNER,Senior,0.1963,         WEB DESIGNER         Professional Summary     Trained Quality Assurance Specialist with a demonstrated history of working in the pharmaceutic
Network Engineer,1190,CONSULTANT,Senior,0.196,"         IT CONSULTANT           Professional Summary    Self-motivated, detail oriented Senior Computer/Network Technician with 20 years experience i"
Network Engineer,1234,DIGITAL-MEDIA,Senior,0.1948,"         SPRINT ISP MANAGEMENT TO THE VENDOR             Qualifications          Windows 95-XP-Windows 7/8.8,1/10  Windows NT/2000/2003/2008/2012  Red"
HR Manager,1110,CONSULTANT,Senior,0.1945,         CONSULTANT       Summary      Human Resource Professional  highly effective at incorporating creative leadership skills to achieve business o
HR Manager,22,HR,Senior,0.1882,         HR SPECIALIST       Summary    An Human Resources Specialist  with over  9  years in recruitment and federal employment processes.  An energe
Data Scientist,1339,AUTOMOBILE,Senior,0.1881,"         DATA ANALYST       Professional Summary    Industrial and Systems Engineering graduate, certified Base SAS Programmer and a Lean Six Sigma Gr"
HR Manager,686,HEALTHCARE,Senior,0.1871,"       HEALTHCARE RECRUITER       Professional Summary         A highly ambitious, customer service oriented business professional, with experience in"
HR Manager,977,BPO,Senior,0.1844,"         SENIOR MANAGER           Skill Highlights          Windows / Mac OS, MS office suite, HRMS oracle applications  Training Attended  Year  Titl"
HR Manager,67,HR,Senior,0.1839,"         HR MANAGER       Summary     Human Resources professional with the ability to work successfully with all levels of an organization, deliver e"
Java Developer,926,AGRICULTURE,Senior,0.1822,"           SOFTWARE DEVELOPER         Professional Summary    Enthusiastic computer engineer eager to contribute to team success through hard work, at"
HR Manager,87,HR,Senior,0.1822,"         RECRUITING AND HR MANAGER       Summary     Experienced Corporate Recruiter who is self-motivated, results driven, highly responsive and able"
Network Engineer,1153,CONSULTANT,Senior,0.1815,         IT CONSULTANT       Professional Summary    Support Engineer with Public Trust Clearance and 10 years of Information Technology experience in
Sales Executive,674,BUSINESS-DEVELOPMENT,Senior,0.1807,"         BUSINESS DEVELOPMENT MANAGER       Summary     Extensive and diverse sales, business development, and management background. Creative profess"
Java Developer,2199,BANKING,Senior,0.1803,"         MANAGER           Experience      Manager  ,   11/2013   to   Current     Company Name   –   City  ,   State      Manage a large global team "
Sales Executive,2473,AVIATION,Senior,0.1802,         ACCOUNT EXECUTIVE         Professional Summary       Account Executive    Accomplished sales-management professional with 5+ years of solid a
Network Engineer,259,INFORMATION-TECHNOLOGY,Senior,0.1802,         INFORMATION TECHNOLOGY SPECIALIST           Professional Summary     To secure a position as an Information Technology in a challenging and c
HR Manager,34,HR,Senior,0.1796,         HR COORDINATOR           Summary    To obtain a challenging career in the human resource field where I can utilize my capabilities and experi
HR Manager,77,HR,Senior,0.1783,"         HR BUSINESS PARTNER       Summary     Proactive Human Resources Business Partner guiding performance management, talent planning and benefits"
HR Manager,53,HR,Senior,0.178,         HR REPRESENTATIVE       Summary    A motivated business partner who communicates and collaborates effectively with all levels of personnel by
Network Engineer,1176,CONSULTANT,Senior,0.1778,         CONSULTANT       Career Overview    A highly motivated techno-functional and business savvy professional desire to obtain a position as IT Ma
Java Developer,2102,PUBLIC-RELATIONS,Senior,0.1777,         COMMUNICATIONS COORDINATOR       Summary     Creative and highly-motivated Communications and Marketing professional with experience creating
Java Developer,1747,ENGINEERING,Senior,0.1742,"         SOFTWARE ENGINEERING MANAGER           Professional Profile    20+ years of software product development experience in broadcast media, video"
HR Manager,0,HR,Senior,0.1728,"         HR ADMINISTRATOR/MARKETING ASSOCIATE

HR ADMINISTRATOR       Summary     Dedicated Customer Service Manager with 15+ years of experience in H"
Java Developer,1707,ENGINEERING,Senior,0.1703,"         ENGINEERING MANAGER           Summary    To design, develop and manage products in the field of consumer electronics devices, networking prot"
HR Manager,30,HR,Senior,0.1701,         HR ASSISTANT             Highlights          Interviewing expertise  Employee Relations  Manager Coaching and training  Event management  Emp
HR Manager,73,HR,Senior,0.1697,         HR ASSISTANT III       Certifications     John A. Logan College 2003 - 2005 *   University of Alabama at Birmingham 2006 -*       Professiona
HR Manager,54,HR,Senior,0.1692,"         HR SPECIALIST       Summary    Results-driven professional with comprehensive experience in human resources, customer service, and financial "
Sales Executive,522,ADVOCATE,Senior,0.1685,"         MANAGER, DIGITAL MARKETING AND COMMUNICATIONS       Objective    Obtain the Health Analytic Consultant position at UnitedHealthcare to furthe"
HR Manager,1864,ACCOUNTANT,Senior,0.1683,         STAFF ACCOUNTANT       Summary     Skilled Accountant successful at managing multiple projects and consistently meeting deadlines under press
Network Engineer,300,INFORMATION-TECHNOLOGY,Senior,0.1675,         INFORMATION TECHNOLOGY MANAGER / NETWORK ENGINEER       Professional Overview     A highly skilled and accomplished Information Technology Ma
Sales Executive,652,BUSINESS-DEVELOPMENT,Senior,0.1665,"         BUSINESS DEVELOPMENT MANAGER       Summary    Energetic, motivated and organized sales representative with results in the oil and gas industr"
HR Manager,100,HR,Senior,0.1659,         HR BENEFITS/LEAVE COORDINATOR       Summary    13 years of Human Resources experience and 27 years of administrative experience working in va
HR Manager,92,HR,Senior,0.1655,         GLOBAL HR MANAGER           Summary     A Global HR Professional with 10+ years' progressive experience across industries and geographies. A 
Sales Executive,1024,SALES,Senior,0.1652,         SALES SUPERVISOR - SALES EFFECTIVENESS       Summary     Experienced sales supervisor and recognized training facilitator with over 25 years 
Sales Executive,1011,SALES,Senior,0.1644,"         SALES           Executive Summary    Twenty years of experience in all aspects of sales/marketing management Focused, goal and profit-oriente"
Sales Executive,427,TEACHER,Senior,0.1635,"         SUBSTITUTE TEACHER       Summary     Receiving an education on Psychology and pursuing my teaching certification,ha been the best professiona"
Java Developer,1938,CONSTRUCTION,Senior,0.1625,         CONSTRUCTION MANAGER           Summary      Energetic Construction Manager consistently involved in all facets of the project. Extremely know
Sales Executive,2229,BANKING,Senior,0.1624,         MARKETING & SALES ANALYST         Summary      A result oriented Marketing & Sales Analyst with 10 years of industry experience in the Staffi
HR Manager,1583,FINANCE,Senior,0.1617,         HUMAN RESOURCE/ FINANCE ANALYST           Summary    Human Resource Professional:  Seeking a challenging position that will allow me to grow 
Java Developer,243,INFORMATION-TECHNOLOGY,Senior,0.1616,"         DIRECTOR OF INFORMATION TECHNOLOGY       Profile    SUMMAR Y
Applying technology and workflow solutions to business challenges is exciting fo"
Network Engineer,244,INFORMATION-TECHNOLOGY,Senior,0.1613,"         VICE PRESIDENT, INFORMATION TECHNOLOGY           Executive Profile     Performance-driven IT executive experienced in building technology org"
Java Developer,1127,CONSULTANT,Senior,0.1612,"         CONSULTANT           Summary     Master's degree in Computer Science with twenty-five years of experience designing, implementing, and mainta"
Java Developer,1742,ENGINEERING,Mid,0.1612,"         SOFTWARE ENGINEERING MANAGER           Summary    Multifaceted technical career with 15+ years' track record of innovation and success.
Accom"
Network Engineer,1767,ENGINEERING,Senior,0.1609,"         ENGINEERING SYSTEMS
INSTALLER           Summary    Seasoned Information Technology professional with over 7 plus years of experience working "
HR Manager,101,HR,Senior,0.1603,"         REGIONAL HR BUSINESS PARTNER       Human Resources Professional      Executive Profile    Business-savvy, results-driven, and solutions-orien"
HR Manager,733,HEALTHCARE,Senior,0.16,"         RECRUITER, TAX EXEMPT MARKETS         Professional Summary    Experienced recruitment professional driven by a passion for uncovering top tal"
Sales Executive,608,BUSINESS-DEVELOPMENT,Senior,0.1599,         BUSINESS DEVELOPMENT DIRECTOR       Summary     Business Development Director driven to exceed sales goals and build long-term relationships 
Data Scientist,929,AGRICULTURE,Senior,0.1598,"         VP, PRINCIPAL       Summary     I am highly skilled,growth mindset IT professional having more than 20 years experience mostly in financial i"
HR Manager,69,HR,Senior,0.1591,         HR PROFESSIONAL       Summary     Dependable Self-motivated and assertive Human Resources Professional with innovative solutions and personal
HR Manager,723,HEALTHCARE,Senior,0.1589,         CORPORATE REGIONAL  RECRUITER       Summary     Highly driven Recruiter who maintains a positive attitude under pressure and welcomes the cha
HR Manager,1917,ACCOUNTANT,Senior,0.1576,"         STAFF ACCOUNTANT           Skills        Income Statement, Balance Sheet, Budget expense vs. Actual Expense, when necessary prepare Income St"
Data Scientist,1040,SALES,Senior,0.1574,"         SALES COORDINATOR       Summary    Current MS of Data Analytics graduate student with exposure to data analysis and modeling
          skills"
Network Engineer,1114,CONSULTANT,Senior,0.1569,"         CONSULTANT         Summary     
PC Technician, Security Analyst, and Security Services - Identity Management
 


  Solutions-oriented
 with n"
HR Manager,1648,APPAREL,Senior,0.1561,         RESERVATIONS AGENT/FRONT DESK AGENT/GUEST SERVICES AGENT/PBX OPERATOR           Summary    Highly motivated and effective Sales Representativ
Network Engineer,774,HEALTHCARE,Senior,0.1554,         SR. PROJECT MANAGER       Profile     Information Technology Professional with a diverse background and 10+ years of progressive experience a
Java Developer,844,FITNESS,Senior,0.1554,         MECHANICAL DESIGN ENGINEER INTERN       Summary    Over 2 years of combined professional and educational experience in 3D Modelling and Produ
HR Manager,45,HR,Senior,0.1552,"         HR COORDINATOR           Summary     Motivated professional seeking a career in outsides sales.  Self-starting, driven, persuasive, and posit"
HR Manager,58,HR,Senior,0.1545,         HR CONSULTANT           Summary     Certified Human Resources Professional with 15 years background in full range of HR functions with extens
Data Scientist,1798,ENGINEERING,Senior,0.1542,"         SENIOR ENGINEERING MANAGER       Summary     Personable, patient and adaptable Math tutor with 3 years of experience tutoring K-12 and colleg"
Java Developer,1783,ENGINEERING,Senior,0.1529,"         SOFTWARE ENGINEERING MANAGER       Summary    Experienced software engineer, and hands-on engineering manager with 20+ years of product devel"
Java Developer,1932,CONSTRUCTION,Senior,0.1527,         CONSTRUCTION WORKER       Objective      WEB DEVELOPER    Recent graduate and highly motivated 15 year veteran of the construction industry l
HR Manager,35,HR,Senior,0.1524,         HR MANAGER         Summary     Human Resources Professional with practical understanding of business needs. Areas of expertise include confli
Sales Executive,2450,AVIATION,Senior,0.152,         PASSENGER SERVICES OFFICER       Professional Summary        A hard working and self-motivated Australian professional willing to learn and d
Network Engineer,264,INFORMATION-TECHNOLOGY,Senior,0.1518,         INFORMATION TECHNOLOGY SPECIALIST       Summary      Information Security Analyst/Systems professional with over 16 years of diverse experien
Network Engineer,329,INFORMATION-TECHNOLOGY,Senior,0.1516,         SENIOR VICE-PRESIDENT AND CHIEF INFORMATION OFFICER             Core Accomplishments    Strategized with various areas of business to develop
HR Manager,512,ADVOCATE,Senior,0.1515,         MARKET CONSULTANT - HEALTHCARE ADVOCATE           Professional Summary    Ambitious and dedicated managed care professional with robust organ
Java Developer,229,INFORMATION-TECHNOLOGY,Senior,0.1512,         INFORMATION TECHNOLOGY MANAGER             Qualifications          Strong communication skills	Web application design  Working independently	
HR Manager,49,HR,Senior,0.1508,         HR INTERN       Summary     Highly driven Recruiter who maintains a positive attitude under pressure and welcomes the challenge and responsib
HR Manager,11,HR,Senior,0.1503,         HR MANAGER         Summary      Human Resources Manager with practical understanding of business needs. Areas of expertise include conflict m
Data Scientist,1218,CONSULTANT,Senior,0.1495,       Pavithra  Shetty           Summary     Customer-oriented Principal Consultant knowledgeable about developing and implementing successful busine
HR Manager,6,HR,Senior,0.1494,"         HR MANAGER       Summary    HUMAN RESOURCES MANAGER Extensive background in administrative duties, including experience in implementing staff"
Data Scientist,374,TEACHER,Senior,0.1473,         TEACHER       Summary    An elementary-school teacher with many years of success in teaching classes and developing children's learning abili
Java Developer,280,INFORMATION-TECHNOLOGY,Senior,0.1469,         INFORMATION TECHNOLOGY COORDINATOR       Professional Profile    B.S. graduate with a record of success implementing IT solutions. Demonstrat
Sales Executive,592,BUSINESS-DEVELOPMENT,Senior,0.1464,"         BUSINESS DEVELOPMENT MANAGER             Skill Highlights        Microsoft Office Suite, Outlook
*Salesforce.com CRM (Customer Relationship M"
Data Scientist,331,INFORMATION-TECHNOLOGY,Senior,0.1457,"         MASTER DATA MANAGER           Experience      Master Data Manager  ,     01/2019   to   Current     Company Name   –   City  ,   State      A"
Java Developer,1218,CONSULTANT,Senior,0.1453,       Pavithra  Shetty           Summary     Customer-oriented Principal Consultant knowledgeable about developing and implementing successful busine
HR Manager,33,HR,Senior,0.1453,"         HR CONSULTANT       Summary     Detail-oriented 25 years human resources professional who excels under tight deadlines, while anticipating an"
HR Manager,591,BUSINESS-DEVELOPMENT,Senior,0.1449,         BUSINESS DEVELOPMENT SPECIALIST       Summary    Retirement Benefits Specialist with over 10 years experience administering benefits for larg
Java Developer,1785,ENGINEERING,Senior,0.1447,         CORPORATE PROCESS/SYSTEMS ENGINEERING MANAGER           Executive Summary     High-energy Engineering Manager driven to cut company costs and
Network Engineer,1546,FINANCE,Senior,0.1447,         FINANCE MANAGER/ OPERATIONS MANAGER           Career Overview     To obtain a full time position in Management Information Systems with empha
HR Manager,71,HR,Senior,0.1442,"         HR GENERALIST           Summary     HR Generalist with 8 yrs of professional experience in employee  recruitment, orientation, engagement ,as"
Sales Executive,510,ADVOCATE,Senior,0.1441,         PATIENT ADVOCATE /CLINICAL CARE COORDINATOR           Career Focus    Selling capital equipment computer hardware and software to corporate a
Java Developer,1744,ENGINEERING,Senior,0.1435,"         SOFTWARE ENGINEERING MANAGER       Summary    Experienced software engineer, and hands-on engineering manager with 20+ years of product devel"
Java Developer,1745,ENGINEERING,Senior,0.1433,"         SOFTWARE ENGINEERING MANAGER       Summary    Experienced software engineer, and hands-on engineering manager with 20+ years of product devel"
HR Manager,1197,CONSULTANT,Senior,0.1431,         CONSULTANT       Career Focus     Business Professional acutely focused on customer service and network building. Promptly develops vital rel
HR Manager,38,HR,Senior,0.1429,         HR SPECIALIST           Summary     Energetic Administrative Assistant with 30+ years experience in high-level executive support roles. Organ
Data Scientist,436,TEACHER,Senior,0.1426,"         CLASSROOM TEACHER           Summary    Experienced education professional, with a background in instructional design, seeking opportunities t"
Java Developer,1746,ENGINEERING,Senior,0.1422,         SOFTWARE ENGINEERING MANAGER           Summary     Human Resources professional with practical understanding of business needs and extensive 
Java Developer,1179,CONSULTANT,Mid,0.1419,"         CONSULTANT       Summary    In-depth knowledge and understanding of numerous software packages and operating systems.
     Skilled in Databas"
Network Engineer,225,INFORMATION-TECHNOLOGY,Senior,0.1417,"         INFORMATION TECHNOLOGY PROVISIONING TECHNICIAN         Career Overview    Process driven, goal oriented, Information Security Leader with 5  "
Java Developer,2184,BANKING,Senior,0.1416,"         SOFTWARE ENGINEER             Qualifications        C# 3.0, PL/SQL, JavaScript, HTML 4, CSS 2  Framework: .NET 3.5  Database: SQL Server 2008"
HR Manager,108,HR,Senior,0.1415,         HR SPECIALIST/ HORIZONTAL ENGINEER         Professional Summary     Passionate HR Specialist with over 10 years' extensive experience in comp
Sales Executive,641,BUSINESS-DEVELOPMENT,Senior,0.1411,"         BUSINESS DEVELOPMENT EXECUTIVE       Professional Summary    Highly motivated and intelligent professional utilizing highly refined sales, ma"
Sales Executive,2134,PUBLIC-RELATIONS,Senior,0.1409,"         DIRECTOR OF MARKETING       Executive Profile    Catalyst for transforming an organization's vision into reality. Creative, high energy profe"
HR Manager,2106,PUBLIC-RELATIONS,Senior,0.1403,         HUMAN RESOURCES SUPERVISOR       Summary    I am a human resources & business administrator with over 10 years of progressive experience; aug
Java Developer,291,INFORMATION-TECHNOLOGY,Senior,0.1401,        EA         INFORMATION TECHNOLOGY SPECIALIST III (DRUPAL DEV)       Summary     Drupal developer with five years of experience in site buildin
HR Manager,88,HR,Senior,0.1387,         REGIONAL HR DEPUTY MANAGER       Summary    Competent HR Generalist and seasoned recruiter with an extensive background in HR Operations func
Sales Executive,1078,SALES,Senior,0.1378,"        JS         SALES REPRESENTATIVE-PSR       Summary     Customer-oriented, strategic-thinking Sales and Management Professional with over 10+ ye"
HR Manager,82,HR,Senior,0.1377,"         HR EMPLOYEE RELATIONS SPECIALIST       Summary    Dedicated and self-motivated professional with experience in providing outstanding support
"
Java Developer,2027,CONSTRUCTION,Mid,0.1375,"         QA / QC MANAGER       Summary    QA / QC Manager Qualification Highlights
Current Certifications
Job	
21 years' experience in the Oil and Gas"
Java Developer,2211,BANKING,Senior,0.1369,"       BUSINESS ANALYST SR. TECHNICAL BUSINESS ANALYST         Highlights          C, C++, core java  Back Ends			: Oracle 9i, 10g, 11gRII,MS SQL Serv"
Sales Executive,590,BUSINESS-DEVELOPMENT,Senior,0.1368,         SENIOR BUSINESS DEVELOPMENT MANAGER           Executive Profile     Experienced sales executive focused on helping others unlock their untapp
Sales Executive,1660,APPAREL,Senior,0.1366,         SR. MERCHANDISING AUDIENCE LEAD MICROSOFT US ONLINE STORE       Summary     Sr. E-commerce Merchandiser specializing in audience program deve
Data Scientist,361,TEACHER,Senior,0.1359,"         TEACHER       Summary      Experienced, detail-oriented Program Manager with excellent communication, problem solving and strategic planning "
Sales Executive,640,BUSINESS-DEVELOPMENT,Senior,0.1358,         BUSINESS DEVELOPMENT CONSULTANT           Summary    Strategic Business Development Executive Entrepreneurial and strategic sales and busines
Data Scientist,349,TEACHER,Senior,0.1351,"         TEACHER           Summary    Highly ethical, dependable, and diligent expert in the Curriculum Development field.      Highlights          Cu"
HR Manager,83,HR,Senior,0.135,"         TERRITORY HR MANAGER       Executive Profile     Territory Human Resource Manager offering outstanding presentation, communication and cross-"
HR Manager,109,HR,Senior,0.135,"         HR CONTACT CENTER SPECIALIST       Summary    Forward-thinking professional with various experience in human resources, sales, customer servi"
HR Manager,1144,CONSULTANT,Senior,0.1347,         CONSULTANT         Highlights           Employee relations     Performance management strategies   Excellent interpersonal and coaching skill
Network Engineer,2469,AVIATION,Senior,0.1346,         PERSONNEL SECURITY SPECIALIST       Summary     Dedicated Security Specialist professional that possess and excutes a broad knowledge of divi
HR Manager,78,HR,Senior,0.1344,         ASSISTANT MANAGER - HR            www.linkedin.com/in/sumankumari725b9236         Professional Summary     Looking for a challenging position
Sales Executive,1661,APPAREL,Senior,0.1339,"         SENIOR PRODUCT DEVELOPMENT MANAGER       Summary      PRODUCT DEVELOPMENT, SOURCING AND RETAIL PROFESSIONAL            
Respected Retail Prof"
Sales Executive,239,INFORMATION-TECHNOLOGY,Senior,0.1334,"         VP OF INFORMATION TECHNOLOGY       Executive Profile    A results oriented technology leader with over 18 years of IT experience, 8 years of "
HR Manager,985,BPO,Senior,0.1334,         SR. CAMPUS RECRUITER           Summary     Solutions and results driven professional with over 10 years of high volume recruitment experience
Java Developer,662,BUSINESS-DEVELOPMENT,Senior,0.133,         BUSINESS DEVELOPMENT EXECUTIVE       Summary    Process oriented Data Analyst and Delivery Lead with 5+ years proven track record of analyzin
Sales Executive,853,FITNESS,Senior,0.1321,         ACCOUNT EXECUTIVE       Summary     Exceptional Sales Professional who consistently achieves annual sales objectives and increases the overal
Sales Executive,1230,DIGITAL-MEDIA,Senior,0.1311,         DIGITAL MEDIA CONSULTANT       Summary     Dynamic and results-driven Outside Sales and Territory Manager with over 15 years of successful ne
Network Engineer,1117,CONSULTANT,Senior,0.131,"         IT CONSULTANT       Career Overview     Network administration veteran with extensive experience  building, improving, supporting and archite"
Network Engineer,321,INFORMATION-TECHNOLOGY,Senior,0.1304,         SYSTEM ADMINISTRATOR             Experience        03/2009      Company Name          21674	SKSIT Security and the Wireless Environment	     
HR Manager,790,HEALTHCARE,Senior,0.13,         STAFFING MANAGER       Professional Summary     s well to change and possesses extensive expert knowledge of human resources employment proce
HR Manager,1911,ACCOUNTANT,Senior,0.1299,         PAYROLL ACCOUNTANT       Summary     Has a strong work ethic with over 7+ years working in a fast paced environment providing high level supp
Data Scientist,337,TEACHER,Senior,0.1297,"         TEACHER         Professional Summary     Master teacher looking for new role and Industry. I'm looking to leverage the valuable skills, knowl"
Sales Executive,1037,SALES,Mid,0.1296,"         SALES SPECIALIST           Objective    To
obtain a position in a challenging environment that presents the opportunities
for growth and know"
Sales Executive,786,HEALTHCARE,Senior,0.1296,"         DIRECTOR, COMPOUNDING SALES SPECIALIST           Professional Summary    Highly organized and talented sales
professional who effectively mul"
Sales Executive,989,BPO,Senior,0.129,         GENERAL MANAGER AND BOARD MEMBER       Executive Profile    High performing Customer Relationship Management / BPO executive with proven expe
Network Engineer,1608,APPAREL,Senior,0.1288,         IT COMPLIANCE AUDITOR       Career Overview     I offer 15 years' experience in various areas of the Information Technology Field. Including 
Sales Executive,713,HEALTHCARE,Senior,0.1288,         DIRECTOR OF NATIONAL SALES- US. HEALTHCARE           Executive Profile     SALES AND BUSINESS DEVELOPMENT EXECUTIVE Successful in sales manag
Network Engineer,234,INFORMATION-TECHNOLOGY,Senior,0.1285,         INFORMATION TECHNOLOGY SPECIALIST/SYSTEM ANALYSIS           Summary     I have over 10 years of professional service in Information Technolog
Sales Executive,1081,SALES,Senior,0.1278,         SALES ASSOCIATE           Summary     Dedicated Sales Associate offering  [Number]  years of success in fostering quality shopping experience
Sales Executive,865,FITNESS,Senior,0.1274,"         OWNER/OPERATOR       Summary     Business development expert and top sales performer with 12+ years experience in Texas, California, and Okla"
Sales Executive,1124,CONSULTANT,Senior,0.1273,         CONSULTANT           Career Overview    Vidya is a Graduate in Computer Science with over 9 years of professional experience in Customer Rela
Sales Executive,834,FITNESS,Senior,0.1265,"         VICE PRESIDENT       Executive Profile    Manufacturing and Operations Executive proficient in the design and development of Lean operations,"
Java Developer,1348,AUTOMOBILE,Senior,0.1263,"        Highlights          Prog. Languages:          C (5+ yrs), Python (3+ yrs), Java (3+ yrs), MATLAB (Simulink) (5+ yrs), R (2 yrs), Processing (2"
Sales Executive,666,BUSINESS-DEVELOPMENT,Senior,0.1262,         BUSINESS DEVELOPMENT MANAGER       Summary    Seeking an Account Manager role that offers a vibrant workplace where I can use my 13 years of 
Data Scientist,220,INFORMATION-TECHNOLOGY,Senior,0.1259,         INFORMATION TECHNOLOGY INSTRUCTOR       Summary    Seventeen years experience in the information technology field. Seven years experience in 
Java Developer,1194,CONSULTANT,Senior,0.1255,         CONSULTANT       Summary    Media Planner and Media Buyer roles handled in the adverstising industry with a total work experience of 4+ years
Sales Executive,1912,ACCOUNTANT,Senior,0.1241,"         SENIOR ACCOUNTANT           Experience      Senior Accountant  ,     01/2019   to   Current     Company Name   –   City  ,   State      Work "
HR Manager,1606,APPAREL,Senior,0.1236,         SUBSTITUTE TEACHER           Summary    Seeking an Administrative position where my professional experience and education will allow me to ma
HR Manager,869,FITNESS,Senior,0.123,         CUSTOMER CARE REPRESENTATIVE       Professional Summary    Expert communicator with strong conflict resolution skills. Extensive background i
Java Developer,310,INFORMATION-TECHNOLOGY,Senior,0.1227,"         CONSULTANT         Experience      Consultant  ,     05/2017   to   Current     Company Name   –   City  ,   State      Managed project sched"
Sales Executive,1220,CONSULTANT,Senior,0.1225,         BUSINESS CONSULTANT       Professional Summary     IT Business/Sales/Operations position where my experience and technical knowledge can cont
HR Manager,1476,FINANCE,Mid,0.1225,"         FINANCE           Summary     Finance focal driven to improve morale, decrease turnover and improve productivity. Background in leadership de"
Data Scientist,1764,ENGINEERING,Senior,0.1224,         THERMAL ENGINEERING INTERN       Summary      Graduating Ph.D. candidate with a research focus on developing large-scale computational models
Sales Executive,1640,APPAREL,Senior,0.1222,"         ACCOUNT MANAGER/BUSINESS DEVELOPMENT           Experience      Account Manager/Business Development  ,     07/2018   to   07/2019     Company"
Sales Executive,688,HEALTHCARE,Senior,0.1221,         HIGHLY ACCOMPLISHED HEALTHCARE ANALYST         Professional Summary    Financial Expert providing strategies to improve Revenue Cycle Managem
Sales Executive,1050,SALES,Senior,0.1214,"         SALES DIRECTOR       Summary     

To continue my career with an
organization that will utilize my management, supervision and administrative"
HR Manager,8,HR,Senior,0.1213,"         HR SPECIALIST       Summary    Possess 15+ years of experience as an HR Classification/Compensation Lead and as an HR Specialist, Recruitment"
Sales Executive,600,BUSINESS-DEVELOPMENT,Senior,0.1209,         DIRECTOR OF BUSINESS DEVELOPMENT         Summary     Dedicated and driven sales and marketing strategist with 8+ years' experience in cloud s
Sales Executive,1023,SALES,Senior,0.1206,         SALES REPRESENTATIVE; SALES MANAGEMENT       Summary     I am submitting this resume to you because I am interested in the job opening that y
Sales Executive,611,BUSINESS-DEVELOPMENT,Senior,0.1203,         BUSINESS DEVELOPMENT EXECUTIVE         Summary    Results driven sales professional with an exemplary record of developing strategic initiati
Network Engineer,219,INFORMATION-TECHNOLOGY,Senior,0.1201,         INFORMATION TECHNOLOGY SUPERVISOR       Summary    Seeking a position as an Information Technology Specialist. Over 5 years of information te
Network Engineer,2314,ARTS,Senior,0.1197,         I.T. SUPPORT TECHNICIAN/SPECIALIST       Career Overview     I have Over 20 years' experience working with customers\users through Martial Ar
Data Scientist,1766,ENGINEERING,Senior,0.1192,         INDUSTRIAL ENGINEERING INTERN           Summary     Seeking for full time position where I can apply my technical knowledge & skills for cont
HR Manager,98,HR,Senior,0.1183,         HR SERVICES REPRESENTATIVE       Summary     A multi-skilled professional with good all-round HR imformatory skills. Very capable with an abi
HR Manager,1060,SALES,Senior,0.1182,"         SALES EXECUTIVE       Summary    SALES EXECUTIVE Results driven, customer centered sales executive with 24 plus years of experience in differ"
Sales Executive,629,BUSINESS-DEVELOPMENT,Senior,0.1176,         BUSINESS DEVELOPMENT SPECIALIST       Professional Overview     Results-oriented Sales and Business Development leader with Technical Backgro
HR Manager,84,HR,Senior,0.1173,         GENERAL HR ASSISTANT/OFFICE ASSISTANT       Summary    Effective communicator and team leader with excellent time management skills. Familiar
HR Manager,107,HR,Senior,0.1172,         HR VOLUNTEER ASST. MANAGER       Professional Summary     I am dedicated to every project I have worked on with strong undergraduate and grad
Network Engineer,317,INFORMATION-TECHNOLOGY,Senior,0.1171,         PROJECT MANAGER       Summary     Technical Support Professional skilled at resolving complex customer service issues in a timely manner. Enj
Sales Executive,988,BPO,Senior,0.1169,         BUSINESS ACCOUNT LEAD           Executive Profile     Strong Service  Delivery & Operations Management  experience with significant exposure 
Java Developer,738,HEALTHCARE,Senior,0.1167,         PROJECT MANAGER         Professional Summary     Accomplished Information technology professional with 20 years of experience in the software
Sales Executive,1781,ENGINEERING,Senior,0.1166,"         ENGINEERING PROJECT MANAGER           Experience      Engineering Project Manager  ,     05/2015   to   07/2017     Company Name   –   City  "
Data Scientist,1303,DIGITAL-MEDIA,Mid,0.1162,"         SENIOR DIGITAL MARKETING ANALYST       Summary    Highly analytical and process-oriented data analyst with in-depth knowledge of 
marketing p"
HR Manager,36,HR,Senior,0.1161,         HR GENERALIST           Summary     Human Resource Manager adding value by contributing to company growth and profitability. Trusted adviser 
HR Manager,997,SALES,Senior,0.1161,"         SALES       Summary     General Sales Manager offering 17-year background in sales and customer service, as well   as leading a cohesive team"
Sales Executive,972,BPO,Senior,0.1158,"         DIRECTOR OF OPERATIONS, BPO       Executive Summary     Results-Focused management professional offering 15 years of progressive leadership e"
Sales Executive,1261,DIGITAL-MEDIA,Senior,0.1154,"         EXEC DIRECTOR OF SALES, CONSULTANT, STRATEGIST           Executive Profile     10+ year proven track record in Digital, Mobile, and Social, B"
Java Developer,1735,ENGINEERING,Senior,0.115,         ENGINEERING SUPERVISOR         Summary    I am a Mechanical Engineer with 8 years of product design experience with an emphasis on non-metall
Sales Executive,609,BUSINESS-DEVELOPMENT,Senior,0.115,"         BUSINESS DEVELOPMENT MANAGER       Sales & Account Professional     Highly experienced Senior Account Manager, focused on maximizing sales an"
HR Manager,62,HR,Senior,0.1148,         HR SPECIALIST         Highlights          Staffing and recruiting professional  Interviewing expertise  Recruiting  Personnel records mainten
Data Scientist,2333,ARTS,Senior,0.1145,"         PROJECT COORDINATOR ASSOCIATE       Professional Summary     CES Talent Management Associate successful at designing company-wide onboarding,"
Sales Executive,598,BUSINESS-DEVELOPMENT,Senior,0.1143,         BUSINESS DEVELOPMENT MANAGER/PROGRAM DIRECTOR           Executive Profile    Marketing   and   sales   executive   who   thrives   in   energ
Network Engineer,695,HEALTHCARE,Senior,0.1143,         TECHNICAL IT HEALTHCARE CONSULTANT       Professional Summary    Experience Technical Consultant building enterprise-class IT systems for a r
Sales Executive,657,BUSINESS-DEVELOPMENT,Senior,0.1141,         BUSINESS DEVELOPMENT CONSULTANT       Summary    Experienced Life Science Sales and Marketing specialist with track record in growing custome
Network Engineer,278,INFORMATION-TECHNOLOGY,Senior,0.1141,         INFORMATION TECHNOLOGY MANAGER         Summary    Experienced Information Technology Manager committed to maintaining innovative technical sk
Sales Executive,1610,APPAREL,Senior,0.114,         SALES CONSULTANT           Summary    Talented sales professional who effectively multi-tasks and balances customer needs with company demand
Sales Executive,644,BUSINESS-DEVELOPMENT,Senior,0.114,"         BUSINESS DEVELOPMENT MANAGER       Professional Summary    Experienced, driven and successful Sales Professional recognized for consistently "
HR Manager,41,HR,Senior,0.1131,         HR EXECUTIVE       Professional Summary    Forward-thinking HR Generalist highly effective at adapting to evolving market plans and the needs
Network Engineer,1166,CONSULTANT,Senior,0.1122,         CONSULTANT         Skills          Assessment  Project Management - Consult with clients to gain detailed information used to develop compreh
HR Manager,1344,AUTOMOBILE,Senior,0.112,         SR BUSINESS SYSTEMS ANALYST       Career Overview    Motivated and customer-oriented Systems Analyst with strong Analytical and technical ski
HR Manager,91,HR,Senior,0.1118,"         VOLUNTEER HR -IVOLUNTEER       Summary    Sponsorship not required to work in the US A successful Human Resources Professional, with a Master"
HR Manager,93,HR,Senior,0.1108,         HR & SAFETY MANAGER           Summary    Human Resources Manager Certified Professional in Human Resources (PHR) Extensive background in huma
Sales Executive,733,HEALTHCARE,Senior,0.1104,"         RECRUITER, TAX EXEMPT MARKETS         Professional Summary    Experienced recruitment professional driven by a passion for uncovering top tal"
Data Scientist,2390,AVIATION,Senior,0.1103,"         AVIATION FUEL QUALITY CONTROL SPECIALIST       Professional Summary    A dynamic, results-oriented, and highly talented in Process Technology"
Sales Executive,566,BUSINESS-DEVELOPMENT,Senior,0.1103,         SALES AND BUSINESS DEVELOPMENT           Executive Summary     Sales management professional with over  15  years in business and management 
Sales Executive,676,BUSINESS-DEVELOPMENT,Senior,0.1101,         BUSINESS DEVELOPMENT MANAGER       Professional Summary     Served as resourceful and self directed business development manager. Defined and
Data Scientist,315,INFORMATION-TECHNOLOGY,Senior,0.1101,"         WORKING         RF SYSTEMS ENGINEER             Qualifications        Microsoft office/Office for Mac, pages, numbers, keynote · RF/Microwave"
Data Scientist,154,DESIGNER,Senior,0.1099,"         INSTRUCTIONAL DESIGNER         Summary    Dedicated, efficient, and versatile professional credited with combining project management and dat"
Sales Executive,737,HEALTHCARE,Senior,0.1094,"         DIRECTOR, CLINICAL RESEARCH OPERATIONS & MEDICAL SCIENCE LIAISON         Summary     Accomplished and results-driven business development pro"
Java Developer,672,BUSINESS-DEVELOPMENT,Senior,0.1089,         BUSINESS DEVELOPMENT INTERN       Summary    Obtain a position in analytics or data science in which I can enable data-driven decision-making
Java Developer,2395,AVIATION,Senior,0.1088,         SOFTWARE ENGINEERING CO-OP       Summary    Highly skilled  and Accomplished computer software specialist with more than 7+ years of technica
Sales Executive,573,BUSINESS-DEVELOPMENT,Senior,0.1088,         BUSINESS DEVELOPMENT MANAGER       Summary      Business Development Manager & Talent Acquisition Specialist equipped with the excellent nego
Network Engineer,1695,ENGINEERING,Senior,0.1086,         TEST ENGINEERING       Profile    I am seeking the challenging position with a technology company that will allow me to apply and enhance my 
Sales Executive,1092,SALES,Senior,0.1084,"         TIMESHARE SALES       Summary     I am extremely confident that my skills, mentorship, education and experience will set me apart from the re"
Data Scientist,753,HEALTHCARE,Senior,0.1084,"         DIRECTOR, QUALITY IMPROVEMENT NETWORK FACILITATION           Professional Background    Highly accomplished registered- nurse with more than "
Network Engineer,222,INFORMATION-TECHNOLOGY,Senior,0.1083,           Christopher    Townes         Summary     Knowledgeable Information Technology Specialist capable of setting up and optimizing workstations
Sales Executive,1060,SALES,Senior,0.1081,"         SALES EXECUTIVE       Summary    SALES EXECUTIVE Results driven, customer centered sales executive with 24 plus years of experience in differ"
Sales Executive,1461,CHEF,Senior,0.1076,"         BUSINESS MANAGER         Experience      Business Manager  ,     07/2008   to   Current     Company Name   –   City  ,   State      Devise an"
Sales Executive,579,BUSINESS-DEVELOPMENT,Senior,0.1076,         SR. BUSINESS DEVELOPMENT MANAGER         Professional Summary     Highly organized sales professional with 12 years of inside and outside sal
Sales Executive,1899,ACCOUNTANT,Senior,0.1072,         PRINCIPAL ACCOUNTANT       Summary     Capable Accountant successful at managing multiple projects and consistently meeting deadlines under p
Java Developer,120,DESIGNER,Senior,0.1071,"         WEBSITE DESIGNER         Summary     Software developer well-versed in the entire workflow for developing and implementing websites, includin"
Data Scientist,416,TEACHER,Senior,0.1068,"       Kimberly  Fisheli       Summary     Dedicated and responsive Special Education Teacher with proven skills in classroom management, behavior mod"
HR Manager,427,TEACHER,Senior,0.1066,"         SUBSTITUTE TEACHER       Summary     Receiving an education on Psychology and pursuing my teaching certification,ha been the best professiona"
Sales Executive,1235,DIGITAL-MEDIA,Senior,0.1063,         SOCIAL ENGAGE SALES       Summary    My Current role represents Komli's entire social media business across Thailand. I take Komli's social o
HR Manager,830,FITNESS,Senior,0.1063,         HUMAN RESOURCES MANAGER          www.linkedin.com/in/theealimuniz         Professional Summary     Dedicated Human Resource Manager with hand
Data Scientist,2396,AVIATION,Senior,0.1058,"         MECHANICAL ENGINEER       Summary     5 years and 9 months experience as Mechanical Engineer in the operation and maintenance of boilers, swi"
Network Engineer,295,INFORMATION-TECHNOLOGY,Senior,0.1056,         VICE PRESIDENT INFORMATION TECHNOLOGY INFRASTRUCTURE OPERATIONS         Summary    Results-driven IT executive management professional with 2
Network Engineer,1157,CONSULTANT,Senior,0.1052,"        Qualifications        Microsoft Office Specialist, Symantec Endpoint Protection, Symantec Backup Exec., A+, Network+; Expert use of Service Ma"
Sales Executive,570,BUSINESS-DEVELOPMENT,Senior,0.105,         BUSINESS DEVELOPMENT ANALYST           Executive Profile     Business Analyst and Project Manager with specialization in IT Systems well vers
HR Manager,1792,ENGINEERING,Senior,0.1044,"         ENGINEERING OFFICE CLERK           Experience      Engineering Office Clerk  ,     01/2018   to   01/2019     Company Name   –   City  ,   St"
Data Scientist,125,DESIGNER,Senior,0.104,         INSTRUCTIONAL DESIGNER         Summary     Motivating and talented Instructional Designer driven to inspire students to pursue academic and p
HR Manager,1513,FINANCE,Senior,0.1039,         FINANCE COORDINATOR       Summary    To acquire a position that will grant me the opportunity to contribute to the efficient operation of a f
Sales Executive,673,BUSINESS-DEVELOPMENT,Senior,0.1036,"         DIRECTOR, BUSINESS DEVELOPMENT           Executive Profile     Passionate sales executive and recognized, respected leader.  Forward and crea"
Sales Executive,621,BUSINESS-DEVELOPMENT,Senior,0.1036,"         BUSINESS DEVELOPMENT DIRECTOR       Summary     I collaborate with multiple stakeholders to determine audience needs, quickly developing stra"
Java Developer,296,INFORMATION-TECHNOLOGY,Senior,0.1035,"         INFORMATION TECHNOLOGY SPECIALIST INFORMATION SECURITY OFFICER           Profile     blah, blah       Core Qualifications           Oracle Ce"
Sales Executive,777,HEALTHCARE,Senior,0.1032,"         MARKETER / ADMINISTRATOR         Professional Summary    Administrative, Healthcare & Pharmaceutical Sales
Dedicated and motivated profession"
Sales Executive,1254,DIGITAL-MEDIA,Senior,0.103,         DIRECTOR OF NEW BUSINESS DEVELOPMENT       Executive Profile      B2B & B2C MARKETING & SALES | STRATEGIC BUSINESS DEVELOPMENT | INTEGRATED M
Network Engineer,279,INFORMATION-TECHNOLOGY,Senior,0.1028,         INFORMATION TECHNOLOGY SPECIALIST           Professional Profile    To continue work in the Information Technology field while developing my 
Network Engineer,270,INFORMATION-TECHNOLOGY,Senior,0.1028,         DIRECTOR OF INFORMATION TECHNOLOGY       Summary    I am a solutions-oriented professional with solid experience in various IT environments. 
Java Developer,2105,PUBLIC-RELATIONS,Senior,0.1028,"         ASSOCIATE DIRECTOR       Interests    World Endeavors International Volunteer Program, Northern Thailand        April-May 2006 Assisted Thai "
HR Manager,2096,PUBLIC-RELATIONS,Senior,0.1027,         HUMAN RESOURCES ADMINISTRATIVE ASSISTANT/EXECUTIVE ASSISTANT           Career Focus     Ambitious professional driven to launch a career in t
Sales Executive,661,BUSINESS-DEVELOPMENT,Senior,0.1025,         BUSINESS DEVELOPMENT ASSOCIATE       Summary    I appreciate your time!  I am a high performing and advanced sales professional of 10 years t
Sales Executive,316,INFORMATION-TECHNOLOGY,Senior,0.1025,"         BUSINESS SYSTEMS ANALYST I           Qualifications        TECHNICAL SKILLS: Business Applications: SAP Web Intelligence, Informatica Data Ex"
Network Engineer,2316,ARTS,Senior,0.1023,         FIELD SUPPORT SPECILIST         Summary     Technology support representative providing workstation and application support. Provides end-use
HR Manager,1460,CHEF,Senior,0.1022,         TRAINING & DEVELOPMENT SPECIALIST/HR         Summary    Seeking to obtain a position within Human Resource Management where my acquired skill
HR Manager,10,HR,Senior,0.1021,"         HR ASSISTANT       Summary    Highly motivated, and a dynamic Human Resources professional with diverse credentials seeking a position with a"
Java Developer,153,DESIGNER,Entry,0.1021,"         FLORAL DESIGNER           Skills    Billings, cash handling, cashier, creativity, Customer Service, Magic, pick, POS      Experience         "
Sales Executive,645,BUSINESS-DEVELOPMENT,Senior,0.1019,         BUSINESS DEVELOPMENT SPECIALIST/AE       Professional Summary    I am an exceptionally creative and results-driven marketing professional wit
Network Engineer,326,INFORMATION-TECHNOLOGY,Senior,0.1019,         IT DIRECTOR               Accomplishments      CXA- 206-1 | Citrix XenApp 6.5 Basic Administration; IT Security Essentials; Spiceworks 101: F
Sales Executive,637,BUSINESS-DEVELOPMENT,Senior,0.1018,"         SENIOR BUSINESS DEVELOPMENT MANAGER           Summary     Business development professional experienced in sales management, marketing and ap"
HR Manager,64,HR,Senior,0.1017,         HR MANAGER       Summary     HR Coordinator motivated to create collaborative team environment by using  background in the organization of em
Sales Executive,585,BUSINESS-DEVELOPMENT,Mid,0.1015,"         BUSINESS DEVELOPMENT EXECUTIVE       Summary    Accomplished sales professional with 20 years of business development and account
management "
Sales Executive,582,BUSINESS-DEVELOPMENT,Senior,0.1011,"         FOUNDER, BUSINESS DEVELOPMENT DIRECTOR         Skills          Salesforce  PowerPoint  Cloud Document  Word  Publisher          Management  E"
Sales Executive,2015,CONSTRUCTION,Mid,0.101,         CAR SALESMAN             Summary of Skills          Administration and Management  Customer and Personal Service  Judgment and Decision Makin
Data Scientist,357,TEACHER,Senior,0.1009,"         TEACHER       Summary         Kind, compassionate and highly motivated Teacher dedicated to creating an atmosphere that is stimulating and en"
Sales Executive,1224,CONSULTANT,Senior,0.1006,"         MARKETING CONSULTANT           Summary     Value Creator, Marketing Executive:  Versatile strategic leader with over 15 years in corporate ma"
Network Engineer,986,BPO,Senior,0.1006,         NOC ENGINEER       Summary    To work for professional organization that gives an opportunity for growth and to contribute value based manage
Network Engineer,242,INFORMATION-TECHNOLOGY,Senior,0.1004,         ADMINISTRATOR OF INFORMATION TECHNOLOGY         Summary    Advanced Desktop Support Lead/Manager with 14 plus years of experience in the Info
HR Manager,565,BUSINESS-DEVELOPMENT,Senior,0.1003,         BUSINESS DEVELOPMENT MANAGER/STAFFING MANAGER       Professional Summary     Innovative Manager seeks position offering opportunities for new
Network Engineer,953,AGRICULTURE,Senior,0.1002,"         LEAD SENIOR SAP AUDITOR           Career Focus     Insightful, results-driven IT professional and CISSP with 6 years of risk assurance adviso"
